ric,strike,total_rows,bid_available,ask_available,mid_available,iv_lseg_available,history_days,date_first,date_last,bid_coverage_pct,ask_coverage_pct,warnings
SPYA152705000.U,50.0,35,35,35,35,0,35,2026-03-20,2026-05-08,100.0,100.0,
SPYA152705500.U,55.0,35,35,35,35,0,35,2026-03-20,2026-05-08,100.0,100.0,
SPYA152706000.U,60.0,35,35,35,35,0,35,2026-03-20,2026-05-08,100.0,100.0,
SPYA152706500.U,65.0,35,35,35,35,0,35,2026-03-20,2026-05-08,100.0,100.0,
SPYA152707000.U,70.0,35,35,35,35,0,35,2026-03-20,2026-05-08,100.0,100.0,
SPYA152707500.U,75.0,35,35,35,35,0,35,2026-03-20,2026-05-08,100.0,100.0,
SPYA152708000.U,80.0,35,35,35,35,0,35,2026-03-20,2026-05-08,100.0,100.0,
SPYA152708500.U,85.0,35,35,35,35,0,35,2026-03-20,2026-05-08,100.0,100.0,
SPYA152709000.U,90.0,35,35,35,35,0,35,2026-03-20,2026-05-08,100.0,100.0,
SPYA152709500.U,95.0,35,35,35,35,0,35,2026-03-20,2026-05-08,100.0,100.0,
SPYA152710000.U,100.0,35,35,35,35,0,35,2026-03-20,2026-05-08,100.0,100.0,
SPYA152710500.U,105.0,35,35,35,35,0,35,2026-03-20,2026-05-08,100.0,100.0,
SPYA152711000.U,110.0,35,35,35,35,0,35,2026-03-20,2026-05-08,100.0,100.0,
SPYA152711500.U,115.0,35,35,35,35,0,35,2026-03-20,2026-05-08,100.0,100.0,
SPYA152712000.U,120.0,35,35,35,35,0,35,2026-03-20,2026-05-08,100.0,100.0,
SPYA152712500.U,125.0,35,35,35,35,0,35,2026-03-20,2026-05-08,100.0,100.0,
SPYA152713000.U,130.0,35,35,35,35,0,35,2026-03-20,2026-05-08,100.0,100.0,
SPYA152713500.U,135.0,35,35,35,35,0,35,2026-03-20,2026-05-08,100.0,100.0,
SPYA152714000.U,140.0,35,35,35,35,0,35,2026-03-20,2026-05-08,100.0,100.0,
SPYA152714500.U,145.0,35,35,35,35,0,35,2026-03-20,2026-05-08,100.0,100.0,
SPYA152715000.U,150.0,35,35,35,35,0,35,2026-03-20,2026-05-08,100.0,100.0,
SPYA152715500.U,155.0,35,35,35,35,0,35,2026-03-20,2026-05-08,100.0,100.0,
SPYA152716000.U,160.0,35,35,35,35,0,35,2026-03-20,2026-05-08,100.0,100.0,
SPYA152716500.U,165.0,35,35,35,35,0,35,2026-03-20,2026-05-08,100.0,100.0,
SPYA152717000.U,170.0,35,35,35,35,0,35,2026-03-20,2026-05-08,100.0,100.0,
SPYA152717500.U,175.0,35,35,35,35,0,35,2026-03-20,2026-05-08,100.0,100.0,
SPYA152718000.U,180.0,35,35,35,35,0,35,2026-03-20,2026-05-08,100.0,100.0,
SPYA152718500.U,185.0,35,35,35,35,0,35,2026-03-20,2026-05-08,100.0,100.0,
SPYA152719000.U,190.0,35,35,35,35,0,35,2026-03-20,2026-05-08,100.0,100.0,
SPYA152719500.U,195.0,35,35,35,35,0,35,2026-03-20,2026-05-08,100.0,100.0,
SPYA152720000.U,200.0,35,35,35,35,0,35,2026-03-20,2026-05-08,100.0,100.0,
SPYA152720500.U,205.0,35,35,35,35,0,35,2026-03-20,2026-05-08,100.0,100.0,
SPYA152721000.U,210.0,35,35,35,35,0,35,2026-03-20,2026-05-08,100.0,100.0,
SPYA152721500.U,215.0,35,35,35,35,0,35,2026-03-20,2026-05-08,100.0,100.0,
SPYA152722000.U,220.0,35,35,35,35,0,35,2026-03-20,2026-05-08,100.0,100.0,
SPYA152722500.U,225.0,35,35,35,35,0,35,2026-03-20,2026-05-08,100.0,100.0,
SPYA152723000.U,230.0,35,35,35,35,0,35,2026-03-20,2026-05-08,100.0,100.0,
SPYA152723500.U,235.0,35,35,35,35,0,35,2026-03-20,2026-05-08,100.0,100.0,
SPYA152724000.U,240.0,35,35,35,35,0,35,2026-03-20,2026-05-08,100.0,100.0,
SPYA152724500.U,245.0,35,35,35,35,0,35,2026-03-20,2026-05-08,100.0,100.0,
SPYA152725000.U,250.0,35,35,35,35,0,35,2026-03-20,2026-05-08,100.0,100.0,
SPYA152725500.U,255.0,35,35,35,35,0,35,2026-03-20,2026-05-08,100.0,100.0,
SPYA152726000.U,260.0,35,35,35,35,0,35,2026-03-20,2026-05-08,100.0,100.0,
SPYA152726500.U,265.0,35,35,35,35,0,35,2026-03-20,2026-05-08,100.0,100.0,
SPYA152727000.U,270.0,35,35,35,35,0,35,2026-03-20,2026-05-08,100.0,100.0,
SPYA152727500.U,275.0,35,35,35,35,0,35,2026-03-20,2026-05-08,100.0,100.0,
SPYA152728000.U,280.0,35,35,35,35,0,35,2026-03-20,2026-05-08,100.0,100.0,
SPYA152728500.U,285.0,35,35,35,35,0,35,2026-03-20,2026-05-08,100.0,100.0,
SPYA152729000.U,290.0,35,35,35,35,0,35,2026-03-20,2026-05-08,100.0,100.0,
SPYA152729500.U,295.0,35,35,35,35,0,35,2026-03-20,2026-05-08,100.0,100.0,
SPYA152730000.U,300.0,35,35,35,35,0,35,2026-03-20,2026-05-08,100.0,100.0,
SPYA152730500.U,305.0,35,35,35,35,0,35,2026-03-20,2026-05-08,100.0,100.0,
SPYA152731000.U,310.0,35,35,35,35,0,35,2026-03-20,2026-05-08,100.0,100.0,
SPYA152731500.U,315.0,35,35,35,35,0,35,2026-03-20,2026-05-08,100.0,100.0,
SPYA152732000.U,320.0,35,35,35,35,0,35,2026-03-20,2026-05-08,100.0,100.0,
SPYA152732500.U,325.0,35,35,35,35,0,35,2026-03-20,2026-05-08,100.0,100.0,
SPYA152733000.U,330.0,35,35,35,35,0,35,2026-03-20,2026-05-08,100.0,100.0,
SPYA152733500.U,335.0,35,35,35,35,0,35,2026-03-20,2026-05-08,100.0,100.0,
SPYA152734000.U,340.0,35,35,35,35,0,35,2026-03-20,2026-05-08,100.0,100.0,
SPYA152734500.U,345.0,35,35,35,35,0,35,2026-03-20,2026-05-08,100.0,100.0,
SPYA152735000.U,350.0,35,35,35,35,0,35,2026-03-20,2026-05-08,100.0,100.0,
SPYA152735500.U,355.0,35,35,35,35,0,35,2026-03-20,2026-05-08,100.0,100.0,
SPYA152736000.U,360.0,35,35,35,35,0,35,2026-03-20,2026-05-08,100.0,100.0,
SPYA152736500.U,365.0,35,35,35,35,0,35,2026-03-20,2026-05-08,100.0,100.0,
SPYA152737000.U,370.0,35,35,35,35,0,35,2026-03-20,2026-05-08,100.0,100.0,
SPYA152737500.U,375.0,35,35,35,35,0,35,2026-03-20,2026-05-08,100.0,100.0,
SPYA152738000.U,380.0,35,35,35,35,0,35,2026-03-20,2026-05-08,100.0,100.0,
SPYA152738500.U,385.0,35,35,35,35,0,35,2026-03-20,2026-05-08,100.0,100.0,
SPYA152739000.U,390.0,35,35,35,35,0,35,2026-03-20,2026-05-08,100.0,100.0,
SPYA152739500.U,395.0,35,35,35,35,0,35,2026-03-20,2026-05-08,100.0,100.0,
SPYA152740000.U,400.0,35,35,35,35,0,35,2026-03-20,2026-05-08,100.0,100.0,
SPYA152740500.U,405.0,35,35,35,35,0,35,2026-03-20,2026-05-08,100.0,100.0,
SPYA152741000.U,410.0,35,35,35,35,0,35,2026-03-20,2026-05-08,100.0,100.0,
SPYA152741500.U,415.0,35,35,35,35,0,35,2026-03-20,2026-05-08,100.0,100.0,
SPYA152742000.U,420.0,35,35,35,35,0,35,2026-03-20,2026-05-08,100.0,100.0,
SPYA152742500.U,425.0,35,35,35,35,0,35,2026-03-20,2026-05-08,100.0,100.0,
SPYA152743000.U,430.0,35,35,35,35,0,35,2026-03-20,2026-05-08,100.0,100.0,
SPYA152743500.U,435.0,35,35,35,35,0,35,2026-03-20,2026-05-08,100.0,100.0,
SPYA152744000.U,440.0,35,35,35,35,0,35,2026-03-20,2026-05-08,100.0,100.0,
SPYA152744500.U,445.0,35,35,35,35,0,35,2026-03-20,2026-05-08,100.0,100.0,
SPYA152745000.U,450.0,35,35,35,35,0,35,2026-03-20,2026-05-08,100.0,100.0,
SPYA152745500.U,455.0,35,35,35,35,0,35,2026-03-20,2026-05-08,100.0,100.0,
SPYA152746000.U,460.0,35,35,35,35,0,35,2026-03-20,2026-05-08,100.0,100.0,
SPYA152746500.U,465.0,35,35,35,35,0,35,2026-03-20,2026-05-08,100.0,100.0,
SPYA152747000.U,470.0,35,35,35,35,0,35,2026-03-20,2026-05-08,100.0,100.0,
SPYA152747500.U,475.0,35,35,35,35,0,35,2026-03-20,2026-05-08,100.0,100.0,
SPYA152748000.U,480.0,35,35,35,35,0,35,2026-03-20,2026-05-08,100.0,100.0,
SPYA152748500.U,485.0,35,35,35,35,0,35,2026-03-20,2026-05-08,100.0,100.0,
SPYA152749000.U,490.0,35,35,35,35,0,35,2026-03-20,2026-05-08,100.0,100.0,
SPYA152749500.U,495.0,35,35,35,35,0,35,2026-03-20,2026-05-08,100.0,100.0,
SPYA152750000.U,500.0,35,35,35,35,0,35,2026-03-20,2026-05-08,100.0,100.0,
SPYA152750500.U,505.0,35,35,35,35,0,35,2026-03-20,2026-05-08,100.0,100.0,
SPYA152751000.U,510.0,35,35,35,35,0,35,2026-03-20,2026-05-08,100.0,100.0,
SPYA152751500.U,515.0,35,35,35,35,0,35,2026-03-20,2026-05-08,100.0,100.0,
SPYA152752000.U,520.0,35,35,35,35,0,35,2026-03-20,2026-05-08,100.0,100.0,
SPYA152752500.U,525.0,35,35,35,35,0,35,2026-03-20,2026-05-08,100.0,100.0,
SPYA152753000.U,530.0,35,35,35,35,0,35,2026-03-20,2026-05-08,100.0,100.0,
SPYA152753500.U,535.0,35,35,35,35,0,35,2026-03-20,2026-05-08,100.0,100.0,
SPYA152754000.U,540.0,35,35,35,35,0,35,2026-03-20,2026-05-08,100.0,100.0,
SPYA152754500.U,545.0,35,35,35,35,0,35,2026-03-20,2026-05-08,100.0,100.0,
SPYA152755000.U,550.0,35,35,35,35,0,35,2026-03-20,2026-05-08,100.0,100.0,
SPYA152755500.U,555.0,35,35,35,35,0,35,2026-03-20,2026-05-08,100.0,100.0,
SPYA152756000.U,560.0,35,35,35,35,0,35,2026-03-20,2026-05-08,100.0,100.0,
SPYA152756500.U,565.0,35,35,35,35,0,35,2026-03-20,2026-05-08,100.0,100.0,
SPYA152757000.U,570.0,35,35,35,35,0,35,2026-03-20,2026-05-08,100.0,100.0,
SPYA152757500.U,575.0,35,35,35,35,0,35,2026-03-20,2026-05-08,100.0,100.0,
SPYA152758000.U,580.0,35,35,35,35,0,35,2026-03-20,2026-05-08,100.0,100.0,
SPYA152758500.U,585.0,35,35,35,35,0,35,2026-03-20,2026-05-08,100.0,100.0,
SPYA152759000.U,590.0,35,35,35,35,0,35,2026-03-20,2026-05-08,100.0,100.0,
SPYA152759500.U,595.0,35,35,35,35,0,35,2026-03-20,2026-05-08,100.0,100.0,
SPYA152760000.U,600.0,35,35,35,35,0,35,2026-03-20,2026-05-08,100.0,100.0,
SPYA152760500.U,605.0,35,35,35,35,0,35,2026-03-20,2026-05-08,100.0,100.0,
SPYA152761000.U,610.0,35,35,35,35,0,35,2026-03-20,2026-05-08,100.0,100.0,
SPYA152761500.U,615.0,35,35,35,35,0,35,2026-03-20,2026-05-08,100.0,100.0,
SPYA152762000.U,620.0,35,35,35,35,0,35,2026-03-20,2026-05-08,100.0,100.0,
SPYA152762500.U,625.0,35,35,35,35,0,35,2026-03-20,2026-05-08,100.0,100.0,
SPYA152763000.U,630.0,35,35,35,35,0,35,2026-03-20,2026-05-08,100.0,100.0,
SPYA152763500.U,635.0,35,35,35,35,0,35,2026-03-20,2026-05-08,100.0,100.0,
SPYA152764000.U,640.0,35,35,35,35,0,35,2026-03-20,2026-05-08,100.0,100.0,
SPYA152764500.U,645.0,35,35,35,35,0,35,2026-03-20,2026-05-08,100.0,100.0,
